Lemma,SFI Rank,SFI,Adjusted Frequency per Million (U)
the,1,87.85,60910
be,2,86.86,48575
and,3,84.88,30789
of,4,84.79,30126
to,5,84.66,29272
a,6,84.45,27872
in,7,83.25,21142
have,8,81.53,14210
it,9,81.39,13772
you,10,81.08,12810
he,11,80.42,11017
for,12,80.01,10025
they,13,79.9,9764
not,14,79.77,9494
that,15,79.37,8653
we,16,79.24,8401
on,17,78.9,7763
with,18,78.68,7381
this,19,78.45,7003
I,20,78.34,6820
do,21,78.33,6802
as,22,78.29,6747
at,23,77.46,5570
she,24,77.16,5195
but,25,77.06,5087
from,26,76.63,4598
by,27,76.36,4323
will,28,76.23,4195
or,29,76.09,4060
say,30,75.35,3425
go,31,75.13,3260
so,32,75.09,3227
all,33,75.02,3175
if,34,74.78,3009
one,35,74.77,2997
would,36,74.77,2997
about,37,74.72,2967
can,38,74.61,2890
which,39,74.6,2886
there,40,74.5,2820
know,41,74.21,2634
more,42,74.2,2631
get,43,74.1,2573
who,44,74.04,2534
like,45,73.92,2465
when,46,73.86,2435
think,47,73.86,2433
make,48,73.73,2359
time,49,73.62,2302
see,50,73.48,2226
what,51,73.43,2204
up,52,73.32,2150
some,53,73.28,2130
other,54,73.22,2100
out,55,73.15,2064
good,56,73.09,2038
people,57,73.05,2019
year,58,72.9,1949
take,59,72.73,1873
no,60,72.68,1854
well,61,72.64,1835
because,62,72.61,1824
very,63,72.53,1792
just,64,72.43,1751
come,65,72.29,1694
could,66,72.27,1688
work,67,72.24,1674
use,68,72.19,1657
than,69,72.02,1591
now,70,71.94,1563
then,71,71.91,1554
also,72,71.91,1552
into,73,71.7,1477
only,74,71.69,1475
look,75,71.37,1370
want,76,71.31,1354
give,77,71.24,1332
first,78,71.21,1321
new,79,71.1,1290
way,80,71.07,1279
find,81,70.92,1236
over,82,70.92,1235
any,83,70.88,1224
after,84,70.83,1210
day,85,70.75,1187
where,86,70.75,1187
thing,87,70.65,1161
most,88,70.59,1146
should,89,70.54,1132
need,90,70.53,1129
much,91,70.51,1125
right,92,70.47,1113
how,93,70.39,1093
back,94,70.22,1051
mean,95,70.09,1021
even,96,69.95,988
may,97,69.82,959
here,98,69.77,947
many,99,69.75,945
such,100,69.71,936
last,101,69.62,917
child,102,69.59,910
tell,103,69.55,901
really,104,69.4,870
call,105,69.39,869
before,106,69.29,849
company,107,69.25,842
through,108,69.23,838
down,109,69.21,833
show,110,69.18,827
life,111,69.09,812
man,112,69.07,807
change,113,69.02,799
place,114,69,795
long,115,68.98,791
between,116,68.94,784
feel,117,68.92,780
too,118,68.82,763
still,119,68.76,752
problem,120,68.65,733
write,121,68.65,732
same,122,68.58,721
lot,123,68.54,715
great,124,68.51,710
try,125,68.45,699
leave,126,68.44,699
number,127,68.44,698
both,128,68.42,695
own,129,68.4,693
part,130,68.4,692
point,131,68.35,684
little,132,68.33,681
help,133,68.32,680
ask,134,68.29,675
meet,135,68.26,671
start,136,68.26,669
talk,137,68.23,665
something,138,68.23,665
put,139,68.16,655
another,140,68.16,655
become,141,68.15,654
interest,142,68.15,653
country,143,68.15,653
old,144,68.11,647
each,145,68.1,646
school,146,68.05,638
late,147,68.05,638
high,148,68.04,637
different,149,68.03,636
off,150,68,630
next,151,67.92,620
end,152,67.92,619
live,153,67.84,608
why,154,67.83,607
while,155,67.77,598
world,156,67.76,597
week,157,67.75,596
play,158,67.73,593
might,159,67.68,587
must,160,67.68,586
home,161,67.67,585
never,162,67.63,580
include,163,67.6,575
course,164,67.6,575
house,165,67.57,572
report,166,67.56,570
group,167,67.55,569
case,168,67.55,569
woman,169,67.55,568
around,170,67.54,568
book,171,67.53,566
family,172,67.52,565
seem,173,67.5,562
let,174,67.44,555
again,175,67.44,554
kind,176,67.43,554
keep,177,67.41,551
hear,178,67.37,546
system,179,67.36,545
every,180,67.36,545
question,181,67.34,542
during,182,67.32,540
always,183,67.25,531
big,184,67.22,527
set,185,67.21,526
small,186,67.2,525
study,187,67.19,524
follow,188,67.17,521
begin,189,67.14,518
important,190,67.14,518
since,191,67.12,515
run,192,67.08,510
under,193,67.07,509
turn,194,67.07,509
few,195,67.07,509
bring,196,67,502
early,197,66.98,499
hand,198,66.97,497
state,199,66.94,494
move,200,66.93,493
money,201,66.92,492
fact,202,66.86,486
however,203,66.8,479
area,204,66.78,477
provide,205,66.78,476
name,206,66.74,472
read,207,66.73,471
friend,208,66.7,468
month,209,66.7,468
large,210,66.67,464
business,211,66.67,464
without,212,66.64,461
information,213,66.62,459
open,214,66.61,459
order,215,66.59,456
government,216,66.58,455
word,217,66.58,455
issue,218,66.56,453
market,219,66.53,450
pay,220,66.51,447
build,221,66.5,446
hold,222,66.45,442
service,223,66.44,440
against,224,66.39,436
believe,225,66.38,435
second,226,66.36,433
though,227,66.34,430
yes,228,66.33,430
love,229,66.3,427
increase,230,66.28,425
job,231,66.28,425
plan,232,66.28,425
result,233,66.27,424
away,234,66.27,424
example,235,66.24,420
happen,236,66.23,420
offer,237,66.21,418
young,238,66.2,417
close,239,66.19,416
program,240,66.17,414
lead,241,66.13,410
buy,242,66.07,405
understand,243,66.05,403
thank,244,66.01,399
far,245,66,398
today,246,65.94,392
hour,247,65.93,391
student,248,65.92,391
face,249,65.91,390
hope,250,65.89,388
idea,251,65.87,387
cost,252,65.86,386
less,253,65.86,385
room,254,65.85,385
until,255,65.83,383
reason,256,65.83,383
form,257,65.79,379
spend,258,65.78,378
head,259,65.77,378
car,260,65.77,377
learn,261,65.74,375
level,262,65.71,373
person,263,65.66,368
experience,264,65.63,365
once,265,65.62,365
member,266,65.61,364
enough,267,65.6,363
bad,268,65.59,363
city,269,65.59,362
night,270,65.58,361
able,271,65.57,361
support,272,65.55,359
whether,273,65.55,359
line,274,65.54,358
present,275,65.54,358
side,276,65.51,356
quite,277,65.5,354
although,278,65.46,351
sure,279,65.45,351
term,280,65.44,350
least,281,65.44,350
age,282,65.43,349
low,283,65.43,349
speak,284,65.42,348
within,285,65.4,347
process,286,65.4,346
public,287,65.35,343
often,288,65.33,341
train,289,65.29,338
possible,290,65.28,337
actually,291,65.28,337
rather,292,65.27,336
view,293,65.26,336
together,294,65.24,334
consider,295,65.24,334
price,296,65.14,327
parent,297,65.14,326
hard,298,65.12,325
party,299,65.08,322
local,300,65.06,321
control,301,65.05,320
already,302,65.02,318
concern,303,65.02,317
product,304,65.01,317
lose,305,65,316
story,306,64.98,315
almost,307,64.98,315
continue,308,64.96,314
stand,309,64.95,313
whole,310,64.95,313
yet,311,64.95,313
rate,312,64.94,312
care,313,64.93,311
expect,314,64.93,311
effect,315,64.93,311
sort,316,64.92,311
ever,317,64.92,311
anything,318,64.92,310
cause,319,64.9,309
fall,320,64.89,309
deal,321,64.89,309
water,322,64.87,307
send,323,64.86,306
allow,324,64.84,305
soon,325,64.84,304
watch,326,64.8,302
base,327,64.78,300
probably,328,64.75,299
suggest,329,64.74,298
past,330,64.73,297
power,331,64.72,296
test,332,64.71,296
visit,333,64.7,295
center,334,64.7,295
grow,335,64.69,294
nothing,336,64.68,294
return,337,64.68,294
mother,338,64.67,293
walk,339,64.63,291
matter,340,64.63,290
mind,341,64.62,290
value,342,64.61,289
office,343,64.59,288
record,344,64.59,287
stay,345,64.57,286
force,346,64.57,286
stop,347,64.55,285
several,348,64.54,285
light,349,64.53,284
develop,350,64.51,282
remember,351,64.5,282
bit,352,64.49,281
share,353,64.48,281
real,354,64.47,280
answer,355,64.46,279
sit,356,64.44,278
figure,357,64.43,278
letter,358,64.43,277
decide,359,64.41,276
language,360,64.39,275
subject,361,64.35,273
class,362,64.35,272
development,363,64.31,270
town,364,64.31,269
half,365,64.29,269
minute,366,64.28,268
food,367,64.28,268
break,368,64.28,268
clear,369,64.25,266
future,370,64.24,266
either,371,64.24,266
ago,372,64.24,265
per,373,64.24,265
remain,374,64.24,265
top,375,64.23,265
among,376,64.23,265
win,377,64.21,264
color,378,64.2,263
involve,379,64.16,260
reach,380,64.15,260
social,381,64.15,260
period,382,64.13,259
across,383,64.12,258
note,384,64.12,258
history,385,64.12,258
create,386,64.11,258
drive,387,64.11,258
along,388,64.1,257
type,389,64.09,257
sound,390,64.08,256
eye,391,64.07,256
music,392,64.07,255
game,393,64.07,255
political,394,64.06,255
free,395,64.06,255
receive,396,64.05,254
moment,397,64.05,254
sale,398,64.04,254
policy,399,64.04,253
further,400,63.99,251
body,401,63.98,250
require,402,63.97,249
wait,403,63.96,249
general,404,63.95,248
appear,405,63.95,248
toward,406,63.95,248
team,407,63.95,248
easy,408,63.95,248
individual,409,63.95,248
full,410,63.95,248
black,411,63.94,248
sense,412,63.92,247
perhaps,413,63.91,246
add,414,63.89,245
rule,415,63.88,245
pass,416,63.86,243
produce,417,63.86,243
sell,418,63.86,243
short,419,63.81,241
agree,420,63.81,240
law,421,63.79,239
everything,422,63.77,238
research,423,63.75,237
cover,424,63.73,236
paper,425,63.73,236
position,426,63.72,236
near,427,63.72,236
human,428,63.72,235
computer,429,63.72,235
situation,430,63.7,235
staff,431,63.7,234
activity,432,63.68,234
film,433,63.66,232
morning,434,63.65,232
war,435,63.63,231
account,436,63.63,231
shop,437,63.62,230
major,438,63.59,229
someone,439,63.58,228
above,440,63.58,228
design,441,63.58,228
event,442,63.57,228
special,443,63.57,228
sometimes,444,63.57,227
condition,445,63.54,226
carry,446,63.54,226
choose,447,63.53,225
father,448,63.51,225
decision,449,63.51,224
table,450,63.5,224
certain,451,63.49,223
forward,452,63.48,223
main,453,63.48,223
die,454,63.47,222
bear,455,63.45,222
cut,456,63.45,221
describe,457,63.43,220
himself,458,63.42,220
available,459,63.42,220
especially,460,63.42,220
strong,461,63.38,218
rise,462,63.38,218
girl,463,63.37,217
maybe,464,63.37,217
community,465,63.37,217
else,466,63.34,216
particular,467,63.33,215
role,468,63.33,215
join,469,63.33,215
difficult,470,63.32,215
please,471,63.28,213
detail,472,63.28,213
difference,473,63.27,212
action,474,63.21,210
health,475,63.21,209
eat,476,63.19,209
step,477,63.18,208
TRUE,478,63.17,208
phone,479,63.16,207
themselves,480,63.16,207
draw,481,63.15,207
white,482,63.14,206
date,483,63.13,205
practice,484,63.12,205
model,485,63.12,205
raise,486,63.11,205
customer,487,63.11,205
front,488,63.07,203
explain,489,63.06,202
door,490,63.05,202
outside,491,63.02,200
behind,492,63.01,200
economic,493,62.99,199
site,494,62.98,199
approach,495,62.98,199
teacher,496,62.98,199
land,497,62.94,197
charge,498,62.94,197
finally,499,62.93,197
sign,500,62.93,197
claim,501,62.93,196
relationship,502,62.93,196
travel,503,62.91,195
enjoy,504,62.89,195
death,505,62.89,194
nice,506,62.86,193
amount,507,62.86,193
improve,508,62.83,192
picture,509,62.83,192
boy,510,62.83,192
regard,511,62.82,191
organization,512,62.82,191
happy,513,62.81,191
couple,514,62.81,191
act,515,62.8,190
range,516,62.79,190
quality,517,62.78,190
project,518,62.78,190
round,519,62.77,189
opportunity,520,62.76,189
road,521,62.76,189
accord,522,62.74,188
list,523,62.73,187
wish,524,62.73,187
therefore,525,62.72,187
wear,526,62.71,187
fund,527,62.71,187
rest,528,62.71,186
kid,529,62.7,186
industry,530,62.68,185
education,531,62.67,185
measure,532,62.67,185
kill,533,62.65,184
serve,534,62.64,184
likely,535,62.62,183
certainly,536,62.59,182
national,537,62.58,181
itself,538,62.57,181
teach,539,62.57,181
field,540,62.57,181
security,541,62.54,180
air,542,62.53,179
benefit,543,62.53,179
trade,544,62.52,179
risk,545,62.52,179
news,546,62.51,178
standard,547,62.5,178
vote,548,62.49,177
percent,549,62.49,177
focus,550,62.48,177
stage,551,62.47,177
space,552,62.46,176
instead,553,62.46,176
realize,554,62.46,176
usually,555,62.44,175
data,556,62.42,174
single,557,62.41,174
address,558,62.37,173
performance,559,62.36,172
chance,560,62.36,172
accept,561,62.36,172
society,562,62.35,172
technology,563,62.35,172
mention,564,62.35,172
choice,565,62.33,171
save,566,62.33,171
common,567,62.32,170
culture,568,62.29,170
total,569,62.28,169
demand,570,62.27,169
material,571,62.26,168
limit,572,62.25,168
listen,573,62.25,168
due,574,62.23,167
wrong,575,62.23,167
foot,576,62.22,167
effort,577,62.22,167
attention,578,62.21,166
upon,579,62.21,166
check,580,62.2,166
complete,581,62.2,166
lie,582,62.19,166
pick,583,62.19,166
reduce,584,62.19,165
personal,585,62.19,165
ground,586,62.18,165
animal,587,62.17,165
arrive,588,62.17,165
patient,589,62.17,165
current,590,62.15,164
century,591,62.14,163
evidence,592,62.13,163
exist,593,62.13,163
similar,594,62.12,163
fight,595,62.12,163
leader,596,62.12,163
fine,597,62.11,162
street,598,62.11,162
former,599,62.1,162
contact,600,62.09,162
particularly,601,62.09,162
wife,602,62.06,161
sport,603,62.06,161
prepare,604,62.04,160
discuss,605,62.03,160
response,606,62.03,159
voice,607,62.02,159
piece,608,62.01,159
finish,609,62,158
suppose,610,61.97,157
apply,611,61.97,157
president,612,61.97,157
fire,613,61.96,157
compare,614,61.95,157
court,615,61.94,156
police,616,61.93,156
store,617,61.92,156
poor,618,61.92,156
knowledge,619,61.91,155
laugh,620,61.91,155
arm,621,61.9,155
heart,622,61.9,155
source,623,61.9,155
employee,624,61.89,154
manage,625,61.87,154
simply,626,61.86,153
bank,627,61.85,153
firm,628,61.84,153
cell,629,61.84,153
article,630,61.81,152
fast,631,61.8,151
attack,632,61.79,151
foreign,633,61.79,151
surprise,634,61.78,151
feature,635,61.77,150
factor,636,61.77,150
pretty,637,61.76,150
recently,638,61.76,150
affect,639,61.76,150
drop,640,61.75,150
recent,641,61.74,149
relate,642,61.74,149
official,643,61.73,149
financial,644,61.73,149
miss,645,61.72,149
art,646,61.72,149
campaign,647,61.71,148
private,648,61.71,148
pause,649,61.7,148
everyone,650,61.69,148
forget,651,61.68,147
page,652,61.68,147
worry,653,61.68,147
summer,654,61.67,147
drink,655,61.66,147
opinion,656,61.66,147
park,657,61.65,146
represent,658,61.64,146
key,659,61.64,146
inside,660,61.62,145
manager,661,61.6,145
international,662,61.59,144
contain,663,61.58,144
notice,664,61.56,143
wonder,665,61.56,143
nature,666,61.55,143
structure,667,61.55,143
section,668,61.54,142
myself,669,61.53,142
exactly,670,61.52,142
plant,671,61.52,142
paint,672,61.51,142
worker,673,61.5,141
press,674,61.5,141
whatever,675,61.5,141
necessary,676,61.5,141
region,677,61.48,141
growth,678,61.46,140
evening,679,61.46,140
influence,680,61.46,140
respect,681,61.46,140
various,682,61.46,140
catch,683,61.45,140
thus,684,61.43,139
skill,685,61.43,139
attempt,686,61.42,139
son,687,61.42,139
simple,688,61.41,138
medium,689,61.41,138
average,690,61.41,138
stock,691,61.4,138
management,692,61.39,138
character,693,61.38,138
bed,694,61.38,137
hit,695,61.38,137
establish,696,61.37,137
indeed,697,61.36,137
final,698,61.36,137
economy,699,61.35,137
fit,700,61.35,137
guy,701,61.33,136
function,702,61.32,135
yesterday,703,61.32,135
image,704,61.31,135
size,705,61.3,135
behavior,706,61.3,135
addition,707,61.3,135
determine,708,61.29,134
station,709,61.28,134
population,710,61.28,134
fail,711,61.27,134
environment,712,61.27,134
production,713,61.25,133
contract,714,61.24,133
player,715,61.22,132
comment,716,61.22,132
enter,717,61.21,132
occur,718,61.2,132
alone,719,61.2,132
significant,720,61.18,131
drug,721,61.18,131
wall,722,61.17,131
series,723,61.17,131
direct,724,61.16,131
success,725,61.15,130
tomorrow,726,61.14,130
director,727,61.13,130
clearly,728,61.13,130
lack,729,61.12,129
review,730,61.12,129
depend,731,61.1,129
race,732,61.1,129
recognize,733,61.1,129
window,734,61.1,129
purpose,735,61.09,128
department,736,61.09,128
gain,737,61.08,128
tree,738,61.08,128
college,739,61.07,128
argue,740,61.07,128
board,741,61.06,128
holiday,742,61.05,127
mark,743,61.05,127
church,744,61.02,127
machine,745,61.02,126
achieve,746,61.02,126
item,747,61.02,126
prove,748,61.02,126
cent,749,61.02,126
season,750,61.01,126
floor,751,61.01,126
stuff,752,61.01,126
wide,753,61.01,126
anyone,754,61.01,126
method,755,61.01,126
analysis,756,61,126
election,757,60.99,126
military,758,60.99,126
hotel,759,60.99,126
club,760,60.99,126
below,761,60.99,126
movie,762,60.99,126
doctor,763,60.98,125
discussion,764,60.98,125
sorry,765,60.98,125
challenge,766,60.98,125
nation,767,60.96,125
nearly,768,60.96,125
statement,769,60.95,125
link,770,60.95,124
despite,771,60.94,124
introduce,772,60.94,124
advantage,773,60.94,124
ready,774,60.94,124
marry,775,60.93,124
strike,776,60.93,124
mile,777,60.92,124
seek,778,60.92,123
ability,779,60.9,123
unit,780,60.9,123
card,781,60.89,123
hospital,782,60.88,123
quickly,783,60.86,122
interview,784,60.86,122
agreement,785,60.85,122
release,786,60.85,122
tax,787,60.85,122
solution,788,60.85,122
capital,789,60.83,121
popular,790,60.82,121
specific,791,60.82,121
beautiful,792,60.82,121
fear,793,60.81,121
aim,794,60.81,121
television,795,60.81,120
serious,796,60.81,120
target,797,60.8,120
degree,798,60.78,120
pull,799,60.77,120
red,800,60.77,119
husband,801,60.77,119
access,802,60.77,119
movement,803,60.75,119
treat,804,60.74,119
identify,805,60.73,118
loss,806,60.72,118
shall,807,60.72,118
modern,808,60.7,117
pressure,809,60.7,117
bus,810,60.69,117
treatment,811,60.69,117
conference,812,60.68,117
yourself,813,60.67,117
supply,814,60.66,116
village,815,60.65,116
worth,816,60.64,116
natural,817,60.64,116
express,818,60.64,116
indicate,819,60.64,116
attend,820,60.63,116
brother,821,60.63,116
investment,822,60.63,116
score,823,60.62,115
organize,824,60.62,115
trip,825,60.62,115
beyond,826,60.62,115
sleep,827,60.61,115
fish,828,60.6,115
promise,829,60.6,115
potential,830,60.59,115
energy,831,60.59,115
trouble,832,60.59,115
relation,833,60.58,114
touch,834,60.56,114
file,835,60.56,114
middle,836,60.56,114
bar,837,60.55,114
suffer,838,60.55,113
strategy,839,60.55,113
deep,840,60.54,113
except,841,60.54,113
clean,842,60.54,113
tend,843,60.54,113
advance,844,60.54,113
fill,845,60.53,113
star,846,60.52,113
network,847,60.5,112
generally,848,60.5,112
operation,849,60.49,112
match,850,60.47,111
avoid,851,60.47,111
seat,852,60.45,111
throw,853,60.45,111
task,854,60.44,111
normal,855,60.43,110
goal,856,60.42,110
associate,857,60.42,110
blue,858,60.41,110
positive,859,60.4,110
option,860,60.4,110
box,861,60.39,109
huge,862,60.39,109
message,863,60.39,109
instance,864,60.38,109
style,865,60.38,109
refer,866,60.37,109
cold,867,60.36,109
push,868,60.36,109
quarter,869,60.36,109
assume,870,60.34,108
baby,871,60.33,108
successful,872,60.32,108
sing,873,60.32,108
doubt,874,60.32,108
competition,875,60.32,108
theory,876,60.31,108
propose,877,60.31,107
reference,878,60.3,107
argument,879,60.3,107
adult,880,60.3,107
fly,881,60.3,107
document,882,60.29,107
pattern,883,60.29,107
application,884,60.28,107
hot,885,60.28,107
obviously,886,60.28,107
unclear,887,60.27,106
bill,888,60.27,106
search,889,60.26,106
separate,890,60.26,106
central,891,60.26,106
career,892,60.25,106
anyway,893,60.25,106
speech,894,60.24,106
dog,895,60.24,106
officer,896,60.24,106
throughout,897,60.24,106
oil,898,60.22,105
dress,899,60.21,105
profit,900,60.21,105
guess,901,60.2,105
fun,902,60.2,105
protect,903,60.2,105
resource,904,60.19,105
science,905,60.19,104
disease,906,60.19,104
balance,907,60.18,104
damage,908,60.18,104
basis,909,60.18,104
author,910,60.17,104
basic,911,60.17,104
encourage,912,60.16,104
hair,913,60.15,104
male,914,60.15,103
operate,915,60.14,103
reflect,916,60.14,103
exercise,917,60.13,103
useful,918,60.12,103
restaurant,919,60.12,103
income,920,60.12,103
property,921,60.12,103
previous,922,60.12,103
dark,923,60.11,103
imagine,924,60.11,102
okay,925,60.1,102
earn,926,60.09,102
daughter,927,60.09,102
post,928,60.08,102
newspaper,929,60.07,102
define,930,60.06,101
conclusion,931,60.05,101
clock,932,60.05,101
everybody,933,60.05,101
weekend,934,60.04,101
perform,935,60.04,101
professional,936,60.04,101
mine,937,60.04,101
debate,938,60.03,101
memory,939,60.03,101
green,940,60.03,101
song,941,60.02,101
object,942,60,100
maintain,943,60,100
credit,944,59.99,100
ring,945,59.99,100
discover,946,59.97,99
dead,947,59.96,99
afternoon,948,59.96,99
prefer,949,59.96,99
extend,950,59.95,99
possibility,951,59.95,99
direction,952,59.94,99
facility,953,59.94,99
variety,954,59.92,98
daily,955,59.91,98
clothes,956,59.91,98
screen,957,59.9,98
track,958,59.89,98
dance,959,59.89,97
completely,960,59.89,97
female,961,59.88,97
responsibility,962,59.88,97
original,963,59.84,96
sister,964,59.84,96
rock,965,59.84,96
dream,966,59.84,96
nor,967,59.82,96
university,968,59.82,96
easily,969,59.81,96
agency,970,59.81,96
dollar,971,59.8,96
garden,972,59.79,95
fix,973,59.79,95
ahead,974,59.78,95
cross,975,59.78,95
yeah,976,59.77,95
candidate,977,59.74,94
weight,978,59.74,94
legal,979,59.72,94
proposal,980,59.71,94
version,981,59.71,94
conversation,982,59.71,93
somebody,983,59.7,93
pound,984,59.69,93
magazine,985,59.69,93
shape,986,59.69,93
sea,987,59.68,93
immediately,988,59.67,93
welcome,989,59.67,93
smile,990,59.67,93
communication,991,59.67,93
agent,992,59.65,92
traditional,993,59.65,92
replace,994,59.64,92
judge,995,59.64,92
herself,996,59.63,92
suddenly,997,59.63,92
generation,998,59.63,92
estimate,999,59.63,92
favorite,1000,59.62,92
difficulty,1001,59.62,92
purchase,1002,59.61,91
shoot,1003,59.6,91
announce,1004,59.6,91
unless,1005,59.6,91
independent,1006,59.59,91
recommend,1007,59.58,91
survey,1008,59.58,91
majority,1009,59.58,91
stick,1010,59.57,91
request,1011,59.56,90
rich,1012,59.54,90
wind,1013,59.54,90
none,1014,59.53,90
exchange,1015,59.52,90
budget,1016,59.51,89
famous,1017,59.51,89
blood,1018,59.51,89
appropriate,1019,59.51,89
block,1020,59.51,89
warm,1021,59.5,89
count,1022,59.5,89
scene,1023,59.5,89
writer,1024,59.49,89
content,1025,59.49,89
prevent,1026,59.48,89
safe,1027,59.47,89
invite,1028,59.47,88
mix,1029,59.46,88
element,1030,59.45,88
effective,1031,59.45,88
correct,1032,59.45,88
medical,1033,59.43,88
admit,1034,59.42,88
beat,1035,59.42,87
telephone,1036,59.42,87
copy,1037,59.41,87
committee,1038,59.4,87
aware,1039,59.4,87
advice,1040,59.4,87
handle,1041,59.39,87
glass,1042,59.39,87
trial,1043,59.38,87
stress,1044,59.38,87
radio,1045,59.37,86
administration,1046,59.36,86
complex,1047,59.36,86
text,1048,59.35,86
context,1049,59.35,86
ride,1050,59.34,86
directly,1051,59.34,86
heavy,1052,59.34,86
remove,1053,59.33,86
conduct,1054,59.33,86
equipment,1055,59.33,86
otherwise,1056,59.33,86
title,1057,59.32,86
extra,1058,59.31,85
executive,1059,59.31,85
chair,1060,59.31,85
expensive,1061,59.31,85
sample,1062,59.3,85
sex,1063,59.3,85
deliver,1064,59.29,85
video,1065,59.29,85
connection,1066,59.29,85
primary,1067,59.28,85
weather,1068,59.27,85
collect,1069,59.27,84
inform,1070,59.25,84
principle,1071,59.25,84
straight,1072,59.24,84
appeal,1073,59.24,84
highly,1074,59.24,84
trust,1075,59.24,84
wonderful,1076,59.23,84
flat,1077,59.23,84
absolutely,1078,59.22,84
flow,1079,59.22,84
fair,1080,59.22,84
additional,1081,59.21,83
responsible,1082,59.21,83
farm,1083,59.2,83
collection,1084,59.2,83
hang,1085,59.19,83
negative,1086,59.18,83
band,1087,59.18,83
relative,1088,59.17,83
tour,1089,59.17,83
alternative,1090,59.17,83
software,1091,59.17,83
pair,1092,59.16,82
ship,1093,59.16,82
attitude,1094,59.14,82
cheap,1095,59.14,82
double,1096,59.14,82
leg,1097,59.13,82
observe,1098,59.13,82
sentence,1099,59.13,82
print,1100,59.12,82
progress,1101,59.12,82
truth,1102,59.11,82
nobody,1103,59.11,82
examine,1104,59.1,81
lay,1105,59.1,81
speed,1106,59.09,81
politics,1107,59.09,81
reply,1108,59.08,81
display,1109,59.08,81
transfer,1110,59.08,81
perfect,1111,59.07,81
slightly,1112,59.07,81
overall,1113,59.07,81
intend,1114,59.06,80
user,1115,59.05,80
respond,1116,59.05,80
dinner,1117,59.04,80
slow,1118,59.04,80
regular,1119,59.04,80
physical,1120,59.04,80
apart,1121,59.02,80
suit,1122,59.01,80
federal,1123,59.01,80
reveal,1124,59.01,80
percentage,1125,59,79
peace,1126,58.99,79
status,1127,58.99,79
crime,1128,58.98,79
decline,1129,58.97,79
decade,1130,58.97,79
launch,1131,58.97,79
warn,1132,58.96,79
consumer,1133,58.96,79
favor,1134,58.96,79
dry,1135,58.95,78
partner,1136,58.95,78
institution,1137,58.95,78
spot,1138,58.94,78
horse,1139,58.94,78
eventually,1140,58.93,78
heat,1141,58.93,78
excite,1142,58.92,78
reader,1143,58.92,78
importance,1144,58.91,78
distance,1145,58.9,78
guide,1146,58.9,78
grant,1147,58.9,78
taxi,1148,58.89,77
feed,1149,58.89,77
pain,1150,58.89,77
sector,1151,58.87,77
mistake,1152,58.87,77
ensure,1153,58.86,77
satisfy,1154,58.85,77
chief,1155,58.85,77
cool,1156,58.85,77
expert,1157,58.84,77
wave,1158,58.84,77
south,1159,58.84,77
labor,1160,58.83,76
surface,1161,58.83,76
library,1162,58.82,76
excellent,1163,58.81,76
edge,1164,58.81,76
camp,1165,58.81,76
audience,1166,58.8,76
lift,1167,58.8,76
procedure,1168,58.79,76
email,1169,58.79,76
global,1170,58.79,76
struggle,1171,58.79,76
advertise,1172,58.77,75
select,1173,58.76,75
surround,1174,58.75,75
extent,1175,58.74,75
river,1176,58.73,75
annual,1177,58.73,75
fully,1178,58.73,75
contrast,1179,58.72,75
roll,1180,58.71,74
reality,1181,58.71,74
photograph,1182,58.7,74
artist,1183,58.69,74
conflict,1184,58.69,74
entire,1185,58.69,74
presence,1186,58.69,74
crowd,1187,58.69,74
corner,1188,58.69,74
gas,1189,58.69,74
shift,1190,58.68,74
net,1191,58.68,74
category,1192,58.68,74
secretary,1193,58.68,74
defense,1194,58.68,74
quick,1195,58.67,74
cook,1196,58.67,74
spread,1197,58.66,73
nuclear,1198,58.66,73
scale,1199,58.66,73
driver,1200,58.66,73
ball,1201,58.65,73
cry,1202,58.64,73
introduction,1203,58.63,73
requirement,1204,58.63,73
north,1205,58.62,73
confirm,1206,58.62,73
senior,1207,58.6,72
photo,1208,58.59,72
refuse,1209,58.59,72
transport,1210,58.58,72
emerge,1211,58.58,72
map,1212,58.58,72
concept,1213,58.58,72
island,1214,58.57,72
reform,1215,58.57,72
neither,1216,58.57,72
football,1217,58.56,72
survive,1218,58.56,72
flight,1219,58.55,72
left,1220,58.55,72
solve,1221,58.54,72
neighbor,1222,58.54,72
background,1223,58.54,71
technique,1224,58.54,71
traffic,1225,58.54,71
improvement,1226,58.53,71
tool,1227,58.52,71
consequence,1228,58.52,71
circumstance,1229,58.52,71
smoke,1230,58.52,71
reaction,1231,58.52,71
rain,1232,58.52,71
busy,1233,58.51,71
lesson,1234,58.51,71
brain,1235,58.5,71
mass,1236,58.5,71
funny,1237,58.49,71
contribute,1238,58.49,71
failure,1239,58.49,71
schedule,1240,58.48,71
speaker,1241,58.48,70
bottom,1242,58.47,70
adopt,1243,58.47,70
combine,1244,58.47,70
mountain,1245,58.46,70
waste,1246,58.46,70
hide,1247,58.45,70
marriage,1248,58.45,70
ticket,1249,58.45,70
meal,1250,58.45,70
colleague,1251,58.45,70
bag,1252,58.45,70
repeat,1253,58.44,70
equal,1254,58.43,70
expression,1255,58.43,70
plus,1256,58.43,70
extremely,1257,58.43,70
owner,1258,58.42,70
plane,1259,58.42,69
commercial,1260,58.41,69
lady,1261,58.39,69
duty,1262,58.38,69
strength,1263,58.37,69
connect,1264,58.36,69
cultural,1265,58.36,69
arrange,1266,58.35,68
scheme,1267,58.35,68
payment,1268,58.34,68
unfortunately,1269,58.34,68
brief,1270,58.34,68
bird,1271,58.33,68
demonstrate,1272,58.33,68
contribution,1273,58.33,68
appreciate,1274,58.32,68
chapter,1275,58.32,68
secret,1276,58.32,68
apparently,1277,58.32,68
novel,1278,58.32,68
union,1279,58.31,68
burn,1280,58.31,68
trend,1281,58.31,68
initial,1282,58.31,68
pleasure,1283,58.3,68
suggestion,1284,58.3,68
critical,1285,58.29,67
gather,1286,58.29,67
mostly,1287,58.29,67
earth,1288,58.29,67
pop,1289,58.28,67
essential,1290,58.27,67
desire,1291,58.27,67
promote,1292,58.27,67
currently,1293,58.27,67
employ,1294,58.26,67
path,1295,58.26,67
topic,1296,58.26,67
beach,1297,58.25,67
attract,1298,58.25,67
engage,1299,58.25,67
powerful,1300,58.24,67
flower,1301,58.24,67
crisis,1302,58.24,67
settle,1303,58.23,67
boat,1304,58.23,66
aid,1305,58.23,66
fan,1306,58.23,66
kitchen,1307,58.23,66
twice,1308,58.22,66
fresh,1309,58.22,66
delay,1310,58.22,66
safety,1311,58.22,66
engineer,1312,58.22,66
quiet,1313,58.21,66
insurance,1314,58.21,66
nurse,1315,58.21,66
divide,1316,58.2,66
length,1317,58.2,66
investigation,1318,58.19,66
package,1319,58.19,66
somewhere,1320,58.19,66
expand,1321,58.18,66
commit,1322,58.18,66
obvious,1323,58.18,66
jump,1324,58.16,65
weapon,1325,58.16,65
relatively,1326,58.15,65
host,1327,58.15,65
winter,1328,58.15,65
district,1329,58.15,65
broad,1330,58.14,65
tire,1331,58.12,65
spring,1332,58.11,65
spirit,1333,58.09,64
lunch,1334,58.09,64
actual,1335,58.08,64
pool,1336,58.08,64
battle,1337,58.08,64
tradition,1338,58.08,64
cash,1339,58.07,64
hardly,1340,58.06,64
award,1341,58.06,64
coach,1342,58.06,64
experiment,1343,58.06,64
consideration,1344,58.06,64
strange,1345,58.06,64
code,1346,58.06,64
possibly,1347,58.04,64
threat,1348,58.04,64
accident,1349,58.04,64
impossible,1350,58.04,64
revenue,1351,58.04,64
enable,1352,58.04,64
afraid,1353,58.03,63
active,1354,58.03,63
conclude,1355,58.02,63
religious,1356,58.01,63
cancer,1357,58.01,63
convince,1358,58.01,63
vary,1359,58.01,63
environmental,1360,58,63
sun,1361,58,63
healthy,1362,57.99,63
blow,1363,57.98,63
volume,1364,57.97,63
location,1365,57.97,63
invest,1366,57.97,63
proceed,1367,57.97,63
wash,1368,57.97,63
actor,1369,57.96,63
glad,1370,57.96,63
tape,1371,57.96,62
whereas,1372,57.96,62
opposite,1373,57.95,62
stone,1374,57.95,62
sum,1375,57.95,62
murder,1376,57.95,62
monitor,1377,57.94,62
soldier,1378,57.94,62
finance,1379,57.94,62
hate,1380,57.93,62
egg,1381,57.93,62
concert,1382,57.92,62
shock,1383,57.92,62
comfortable,1384,57.92,62
usual,1385,57.92,62
carefully,1386,57.91,62
pack,1387,57.91,62
recall,1388,57.91,62
wine,1389,57.9,62
camera,1390,57.9,62
swim,1391,57.9,62
manufacture,1392,57.9,62
theater,1393,57.89,61
cycle,1394,57.88,61
coffee,1395,57.87,61
totally,1396,57.87,61
museum,1397,57.87,61
visitor,1398,57.87,61
freedom,1399,57.86,61
construction,1400,57.86,61
dear,1401,57.86,61
objective,1402,57.84,61
moreover,1403,57.84,61
onto,1404,57.84,61
historical,1405,57.83,61
oppose,1406,57.83,61
branch,1407,57.82,61
vehicle,1408,57.82,61
scientist,1409,57.82,60
route,1410,57.81,60
bind,1411,57.8,60
belong,1412,57.8,60
taste,1413,57.8,60
tonight,1414,57.79,60
fashion,1415,57.79,60
danger,1416,57.79,60
bomb,1417,57.79,60
army,1418,57.79,60
dangerous,1419,57.77,60
decrease,1420,57.76,60
hurt,1421,57.76,60
council,1422,57.75,60
editor,1423,57.74,59
normally,1424,57.74,59
sight,1425,57.74,59
generate,1426,57.73,59
gift,1427,57.73,59
delivery,1428,57.72,59
deny,1429,57.72,59
guest,1430,57.72,59
anybody,1431,57.71,59
bedroom,1432,57.71,59
quote,1433,57.71,59
climb,1434,57.7,59
basically,1435,57.7,59
violence,1436,57.69,59
minister,1437,57.69,59
mainly,1438,57.68,59
mouth,1439,57.68,59
noise,1440,57.68,59
manner,1441,57.67,59
gun,1442,57.67,58
square,1443,57.67,58
occasion,1444,57.65,58
familiar,1445,57.64,58
ignore,1446,57.64,58
destroy,1447,57.64,58
affair,1448,57.63,58
civil,1449,57.62,58
locate,1450,57.62,58
citizen,1451,57.62,58
temperature,1452,57.61,58
gold,1453,57.61,58
domestic,1454,57.57,57
load,1455,57.57,57
belief,1456,57.57,57
troop,1457,57.57,57
technical,1458,57.56,57
remind,1459,57.56,57
arrangement,1460,57.56,57
skin,1461,57.55,57
prison,1462,57.55,57
switch,1463,57.55,57
acquire,1464,57.54,57
corporate,1465,57.53,57
fairly,1466,57.53,57
wood,1467,57.53,57
participate,1468,57.53,57
tough,1469,57.53,57
tear,1470,57.52,57
representative,1471,57.52,57
capacity,1472,57.52,57
border,1473,57.51,56
shake,1474,57.51,56
assessment,1475,57.51,56
shoe,1476,57.51,56
ought,1477,57.5,56
ad,1478,57.5,56
fee,1479,57.49,56
hall,1480,57.49,56
regulation,1481,57.48,56
escape,1482,57.48,56
studio,1483,57.48,56
proper,1484,57.47,56
relax,1485,57.47,56
tourist,1486,57.47,56
component,1487,57.47,56
afford,1488,57.46,56
lawyer,1489,57.46,56
suspect,1490,57.45,56
cup,1491,57.45,56
description,1492,57.45,56
confidence,1493,57.44,55
industrial,1494,57.42,55
complain,1495,57.42,55
perspective,1496,57.42,55
error,1497,57.42,55
arrest,1498,57.42,55
assess,1499,57.41,55
register,1500,57.4,55
asset,1501,57.4,55
signal,1502,57.39,55
finger,1503,57.38,55
relevant,1504,57.38,55
explore,1505,57.37,55
leadership,1506,57.37,55
commitment,1507,57.36,54
wake,1508,57.36,54
necessarily,1509,57.35,54
bright,1510,57.34,54
frame,1511,57.34,54
slowly,1512,57.34,54
bond,1513,57.34,54
hire,1514,57.34,54
hole,1515,57.33,54
tie,1516,57.33,54
internal,1517,57.33,54
chain,1518,57.32,54
literature,1519,57.29,54
victim,1520,57.29,54
threaten,1521,57.28,53
division,1522,57.28,53
secure,1523,57.27,53
amaze,1524,57.27,53
device,1525,57.26,53
birth,1526,57.26,53
forest,1527,57.26,53
label,1528,57.26,53
root,1529,57.26,53
factory,1530,57.25,53
expense,1531,57.25,53
channel,1532,57.25,53
investigate,1533,57.25,53
recommendation,1534,57.24,53
rank,1535,57.23,53
typical,1536,57.23,53
west,1537,57.23,53
friendly,1538,57.23,53
resident,1539,57.23,53
provision,1540,57.23,53
concentrate,1541,57.22,53
plenty,1542,57.22,53
export,1543,57.21,53
entirely,1544,57.21,53
strongly,1545,57.21,53
bridge,1546,57.2,53
consist,1547,57.2,52
graduate,1548,57.2,52
brand,1549,57.19,52
moral,1550,57.18,52
insist,1551,57.17,52
combination,1552,57.17,52
abuse,1553,57.17,52
ice,1554,57.16,52
principal,1555,57.16,52
master,1556,57.16,52
definitely,1557,57.16,52
session,1558,57.16,52
grade,1559,57.16,52
nevertheless,1560,57.16,52
predict,1561,57.15,52
previously,1562,57.14,52
protection,1563,57.14,52
largely,1564,57.14,52
wed,1565,57.13,52
rent,1566,57.13,52
shot,1567,57.12,52
appearance,1568,57.12,52
reasonable,1569,57.12,52
guarantee,1570,57.12,52
till,1571,57.12,52
theme,1572,57.11,51
judgment,1573,57.11,51
odd,1574,57.11,51
approve,1575,57.1,51
loan,1576,57.1,51
definition,1577,57.1,51
elect,1578,57.09,51
atmosphere,1579,57.08,51
farmer,1580,57.08,51
comparison,1581,57.07,51
characteristic,1582,57.07,51
license,1583,57.07,51
rely,1584,57.07,51
narrow,1585,57.07,51
succeed,1586,57.06,51
identity,1587,57.06,51
desk,1588,57.05,51
permit,1589,57.04,51
seriously,1590,57.04,51
wild,1591,57.03,51
empty,1592,57.03,50
commission,1593,57.02,50
unique,1594,57.02,50
association,1595,57.01,50
instrument,1596,57.01,50
investor,1597,57.01,50
practical,1598,57.01,50
tea,1599,57,50
lovely,1600,56.99,50
soft,1601,56.99,50
row,1602,56.99,50
youth,1603,56.99,50
lock,1604,56.98,50
fuel,1605,56.98,50
expectation,1606,56.98,50
employment,1607,56.98,50
celebrate,1608,56.97,50
sexual,1609,56.97,50
shoulder,1610,56.96,50
breath,1611,56.96,50
increasingly,1612,56.96,50
import,1613,56.95,50
bottle,1614,56.95,50
ourselves,1615,56.95,49
sheet,1616,56.94,49
engine,1617,56.94,49
cast,1618,56.93,49
notion,1619,56.93,49
conservative,1620,56.93,49
journey,1621,56.92,49
opposition,1622,56.92,49
relief,1623,56.92,49
debt,1624,56.92,49
honor,1625,56.91,49
outcome,1626,56.89,49
blame,1627,56.89,49
explanation,1628,56.89,49
arise,1629,56.89,49
musical,1630,56.88,49
recover,1631,56.87,49
dad,1632,56.87,49
stretch,1633,56.87,49
declare,1634,56.86,49
retire,1635,56.86,48
tiny,1636,56.85,48
careful,1637,56.84,48
suitable,1638,56.84,48
native,1639,56.84,48
fruit,1640,56.84,48
analyze,1641,56.83,48
witness,1642,56.83,48
mail,1643,56.83,48
terrible,1644,56.83,48
researcher,1645,56.82,48
ordinary,1646,56.8,48
selection,1647,56.78,48
anywhere,1648,56.78,48
mental,1649,56.78,48
participant,1650,56.77,48
vision,1651,56.76,47
personality,1652,56.76,47
specifically,1653,56.76,47
fat,1654,56.75,47
entry,1655,56.75,47
fellow,1656,56.75,47
chemical,1657,56.75,47
capture,1658,56.75,47
tip,1659,56.74,47
discount,1660,56.74,47
peak,1661,56.74,47
chairman,1662,56.73,47
proportion,1663,56.73,47
ear,1664,56.72,47
disappear,1665,56.71,47
shout,1666,56.71,47
yard,1667,56.71,47
constant,1668,56.71,47
significantly,1669,56.69,47
hill,1670,56.67,46
considerable,1671,56.67,46
instruction,1672,56.67,46
intelligence,1673,56.67,46
ideal,1674,56.66,46
folk,1675,56.66,46
surely,1676,56.66,46
guard,1677,56.66,46
cat,1678,56.65,46
somewhat,1679,56.65,46
kiss,1680,56.64,46
presentation,1681,56.64,46
joint,1682,56.64,46
compete,1683,56.64,46
poll,1684,56.64,46
weak,1685,56.63,46
faith,1686,56.63,46
reduction,1687,56.62,46
reserve,1688,56.61,46
complaint,1689,56.61,46
bore,1690,56.6,46
mission,1691,56.6,46
somehow,1692,56.59,46
tone,1693,56.59,46
neighborhood,1694,56.59,46
passenger,1695,56.59,46
justice,1696,56.58,46
phase,1697,56.58,46
thin,1698,56.58,46
rush,1699,56.58,45
formal,1700,56.57,45
religion,1701,56.57,45
employer,1702,56.57,45
reject,1703,56.56,45
latter,1704,56.56,45
plate,1705,56.56,45
ban,1706,56.55,45
steal,1707,56.55,45
protest,1708,56.55,45
index,1709,56.55,45
sad,1710,56.54,45
frequently,1711,56.54,45
circle,1712,56.54,45
helpful,1713,56.53,45
command,1714,56.53,45
attractive,1715,56.52,45
sick,1716,56.52,45
impression,1717,56.51,45
unable,1718,56.51,45
joke,1719,56.51,45
sky,1720,56.51,45
column,1721,56.51,45
electronic,1722,56.51,45
impose,1723,56.5,45
criminal,1724,56.49,45
besides,1725,56.47,44
properly,1726,56.46,44
ancient,1727,56.46,44
coast,1728,56.45,44
ill,1729,56.45,44
kick,1730,56.45,44
closely,1731,56.45,44
multiple,1732,56.45,44
yield,1733,56.44,44
via,1734,56.44,44
legislation,1735,56.44,44
county,1736,56.43,44
unlike,1737,56.42,44
mobile,1738,56.42,44
assistant,1739,56.42,44
implement,1740,56.41,44
chart,1741,56.41,44
attach,1742,56.4,44
hell,1743,56.4,44
everywhere,1744,56.39,44
advise,1745,56.39,44
household,1746,56.39,44
acknowledge,1747,56.39,44
reward,1748,56.38,43
east,1749,56.38,43
hat,1750,56.38,43
academic,1751,56.37,43
voter,1752,56.37,43
meanwhile,1753,56.36,43
furthermore,1754,56.36,43
accuse,1755,56.36,43
scientific,1756,56.35,43
wage,1757,56.35,43
absence,1758,56.35,43
construct,1759,56.33,43
remark,1760,56.33,43
medicine,1761,56.33,43
professor,1762,56.33,43
rare,1763,56.33,43
intention,1764,56.33,43
dozen,1765,56.32,43
settlement,1766,56.32,43
gap,1767,56.32,43
widely,1768,56.3,43
minimum,1769,56.3,43
northern,1770,56.3,43
estate,1771,56.3,43
equally,1772,56.29,43
expose,1773,56.29,43
alive,1774,56.29,43
shut,1775,56.28,42
victory,1776,56.27,42
resolve,1777,56.27,42
critic,1778,56.27,42
variable,1779,56.26,42
enormous,1780,56.26,42
sweet,1781,56.26,42
permanent,1782,56.25,42
emotion,1783,56.25,42
pursue,1784,56.25,42
tall,1785,56.24,42
urge,1786,56.24,42
enemy,1787,56.24,42
appoint,1788,56.23,42
milk,1789,56.23,42
talent,1790,56.23,42
smell,1791,56.22,42
prior,1792,56.22,42
priority,1793,56.22,42
online,1794,56.22,42
phrase,1795,56.19,42
pilot,1796,56.19,42
stable,1797,56.19,42
merely,1798,56.18,42
resolution,1799,56.18,42
communicate,1800,56.18,42
injury,1801,56.17,41
vast,1802,56.17,41
exhibition,1803,56.17,41
producer,1804,56.17,41
regional,1805,56.17,41
immediate,1806,56.16,41
incident,1807,56.16,41
childhood,1808,56.16,41
draft,1809,56.16,41
slip,1810,56.16,41
accompany,1811,56.16,41
politician,1812,56.15,41
angry,1813,56.15,41
knock,1814,56.15,41
seed,1815,56.15,41
salary,1816,56.15,41
illustrate,1817,56.13,41
imply,1818,56.13,41
breakfast,1819,56.13,41
temporary,1820,56.12,41
liberal,1821,56.12,41
lake,1822,56.11,41
qualify,1823,56.11,41
competitive,1824,56.1,41
truly,1825,56.09,41
hi,1826,56.08,41
yellow,1827,56.08,41
habit,1828,56.08,41
disk,1829,56.08,41
core,1830,56.08,41
emotional,1831,56.08,41
aircraft,1832,56.07,40
self,1833,56.07,40
metal,1834,56.07,40
existence,1835,56.07,40
bone,1836,56.06,40
panel,1837,56.05,40
prime,1838,56.05,40
appointment,1839,56.04,40
emphasize,1840,56.03,40
maximum,1841,56.03,40
effectively,1842,56.02,40
elsewhere,1843,56.01,40
bother,1844,56.01,40
initiative,1845,56.01,40
sharp,1846,56.01,40
diet,1847,56,40
motion,1848,56,40
gray,1849,56,40
plastic,1850,56,40
complicate,1851,55.99,40
discipline,1852,55.99,40
disappoint,1853,55.99,40
boss,1854,55.98,40
assumption,1855,55.98,40
freeze,1856,55.98,40
extreme,1857,55.98,40
passage,1858,55.98,40
reputation,1859,55.98,40
forth,1860,55.98,40
negotiation,1861,55.97,40
mechanism,1862,55.96,39
coat,1863,55.96,39
democracy,1864,55.96,39
pocket,1865,55.96,39
lucky,1866,55.96,39
crash,1867,55.96,39
observation,1868,55.96,39
meat,1869,55.95,39
concentration,1870,55.95,39
implication,1871,55.95,39
deserve,1872,55.94,39
unusual,1873,55.94,39
defend,1874,55.94,39
classic,1875,55.93,39
king,1876,55.93,39
interaction,1877,55.92,39
repair,1878,55.92,39
collapse,1879,55.92,39
borrow,1880,55.92,39
fundamental,1881,55.9,39
dish,1882,55.89,39
abroad,1883,55.89,39
soul,1884,55.89,39
capable,1885,55.88,39
defeat,1886,55.88,39
presidential,1887,55.87,39
perfectly,1888,55.87,39
enhance,1889,55.87,39
proud,1890,55.87,39
emergency,1891,55.87,39
educational,1892,55.87,39
distinguish,1893,55.86,39
substantial,1894,55.86,39
nearby,1895,55.85,38
manufacturer,1896,55.85,38
slide,1897,55.85,38
valuable,1898,55.85,38
personally,1899,55.85,38
breast,1900,55.85,38
cope,1901,55.83,38
approximately,1902,55.83,38
accommodation,1903,55.83,38
highlight,1904,55.83,38
reporter,1905,55.83,38
climate,1906,55.83,38
shirt,1907,55.82,38
exception,1908,55.82,38
corporation,1909,55.82,38
chip,1910,55.81,38
winner,1911,55.81,38
encounter,1912,55.81,38
brown,1913,55.81,38
breathe,1914,55.81,38
excuse,1915,55.8,38
partly,1916,55.8,38
tennis,1917,55.79,38
urban,1918,55.79,38
confuse,1919,55.79,38
southern,1920,55.79,38
output,1921,55.79,38
beauty,1922,55.79,38
massive,1923,55.79,38
install,1924,55.78,38
calculate,1925,55.78,38
mouse,1926,55.78,38
mathematics,1927,55.77,38
upper,1928,55.77,38
creation,1929,55.76,38
occupy,1930,55.76,38
outline,1931,55.76,38
sufficient,1932,55.76,38
update,1933,55.76,38
luck,1934,55.75,38
preserve,1935,55.75,38
split,1936,55.75,38
swing,1937,55.75,38
illness,1938,55.75,38
journalist,1939,55.75,38
sudden,1940,55.75,38
advertisement,1941,55.74,38
consistent,1942,55.74,38
originally,1943,55.73,37
aside,1944,55.73,37
comfort,1945,55.71,37
secondly,1946,55.71,37
severe,1947,55.7,37
gene,1948,55.7,37
prospect,1949,55.7,37
snow,1950,55.7,37
plot,1951,55.7,37
neck,1952,55.69,37
criteria,1953,55.67,37
primarily,1954,55.67,37
integrate,1955,55.67,37
criticism,1956,55.66,37
convention,1957,55.66,37
bet,1958,55.66,37
retain,1959,55.66,37
sequence,1960,55.66,37
plain,1961,55.65,37
volunteer,1962,55.64,37
rural,1963,55.64,37
calm,1964,55.64,37
abandon,1965,55.64,37
examination,1966,55.64,37
silence,1967,55.64,37
rapidly,1968,55.63,37
efficient,1969,55.62,37
revolution,1970,55.62,36
delight,1971,55.62,36
spell,1972,55.61,36
premise,1973,55.61,36
lean,1974,55.6,36
dramatic,1975,55.6,36
differ,1976,55.59,36
grateful,1977,55.59,36
protein,1978,55.59,36
bike,1979,55.59,36
distribute,1980,55.58,36
intellectual,1981,55.58,36
derive,1982,55.58,36
crucial,1983,55.58,36
unemployment,1984,55.57,36
wheel,1985,55.57,36
crop,1986,55.57,36
minority,1987,55.57,36
origin,1988,55.57,36
interpretation,1989,55.57,36
gentleman,1990,55.56,36
drama,1991,55.56,36
landscape,1992,55.56,36
educate,1993,55.56,36
toy,1994,55.55,36
fault,1995,55.55,36
exhibit,1996,55.55,36
minor,1997,55.54,36
hunt,1998,55.53,36
storm,1999,55.53,36
thick,2000,55.53,36
achievement,2001,55.53,36
negotiate,2002,55.53,36
dominate,2003,55.52,36
supplier,2004,55.51,36
prize,2005,55.51,36
typically,2006,55.51,36
peer,2007,55.51,36
pension,2008,55.51,36
wing,2009,55.51,36
acquisition,2010,55.51,36
laughter,2011,55.5,36
deeply,2012,55.5,36
recognition,2013,55.5,35
electricity,2014,55.5,35
assistance,2015,55.5,35
roof,2016,55.5,35
retirement,2017,55.5,35
respectively,2018,55.49,35
variation,2019,55.49,35
ultimately,2020,55.49,35
proof,2021,55.48,35
soil,2022,55.48,35
smart,2023,55.48,35
layer,2024,55.48,35
upset,2025,55.48,35
tooth,2026,55.47,35
representation,2027,55.47,35
preparation,2028,55.47,35
dispute,2029,55.47,35
agenda,2030,55.46,35
emphasis,2031,55.46,35
edition,2032,55.46,35
silver,2033,55.46,35
entertainment,2034,55.46,35
honest,2035,55.46,35
undertake,2036,55.44,35
retail,2037,55.44,35
wire,2038,55.44,35
unlikely,2039,55.44,35
gay,2040,55.43,35
publication,2041,55.43,35
slight,2042,55.43,35
unknown,2043,55.43,35
framework,2044,55.42,35
zone,2045,55.42,35
restrict,2046,55.42,35
trace,2047,55.41,35
inch,2048,55.41,35
equivalent,2049,55.41,35
solid,2050,55.39,35
enterprise,2051,55.39,35
elderly,2052,55.39,35
owe,2053,55.39,35
governor,2054,55.38,35
uniform,2055,55.38,35
port,2056,55.37,34
pitch,2057,55.37,34
arrival,2058,55.37,34
contemporary,2059,55.36,34
gate,2060,55.36,34
ease,2061,55.36,34
beer,2062,55.36,34
specialist,2063,55.35,34
assure,2064,55.35,34
profile,2065,55.35,34
mood,2066,55.34,34
episode,2067,55.34,34
crack,2068,55.33,34
numerous,2069,55.33,34
submit,2070,55.32,34
symptom,2071,55.32,34
virtually,2072,55.31,34
era,2073,55.31,34
coverage,2074,55.3,34
tension,2075,55.3,34
cable,2076,55.29,34
sensitive,2077,55.29,34
nervous,2078,55.29,34
input,2079,55.29,34
isolate,2080,55.28,34
prisoner,2081,55.27,34
eliminate,2082,55.27,34
tight,2083,55.27,34
wet,2084,55.27,34
secondary,2085,55.26,34
welfare,2086,55.26,34
recruit,2087,55.26,34
exclude,2088,55.25,34
string,2089,55.25,33
cloud,2090,55.25,33
persuade,2091,55.25,33
inspire,2092,55.24,33
grand,2093,55.24,33
hence,2094,55.24,33
crew,2095,55.23,33
phenomenon,2096,55.23,33
pupil,2097,55.23,33
FALSE,2098,55.23,33
assist,2099,55.22,33
restore,2100,55.22,33
formula,2101,55.21,33
alter,2102,55.21,33
perceive,2103,55.2,33
routine,2104,55.2,33
sink,2105,55.19,33
stare,2106,55.19,33
anymore,2107,55.19,33
hero,2108,55.18,33
supporter,2109,55.18,33
convert,2110,55.18,33
steady,2111,55.18,33
meter,2112,55.17,33
truck,2113,55.17,33
nose,2114,55.17,33
beside,2115,55.17,33
sail,2116,55.17,33
disaster,2117,55.17,33
pace,2118,55.17,33
heavily,2119,55.17,33
devote,2120,55.16,33
terrorist,2121,55.16,33
justify,2122,55.16,33
vital,2123,55.16,33
fascinate,2124,55.16,33
external,2125,55.15,33
spare,2126,55.15,33
whenever,2127,55.15,33
depression,2128,55.14,33
guilty,2129,55.14,33
underlie,2130,55.14,33
mom,2131,55.14,33
distinction,2132,55.14,33
satisfaction,2133,55.14,33
incorporate,2134,55.14,33
pour,2135,55.14,33
sweep,2136,55.13,33
obligation,2137,55.13,33
sir,2138,55.12,33
evaluate,2139,55.11,32
anger,2140,55.1,32
pub,2141,55.1,32
perception,2142,55.1,32
naturally,2143,55.09,32
currency,2144,55.09,32
database,2145,55.09,32
initially,2146,55.09,32
territory,2147,55.08,32
stream,2148,55.08,32
rarely,2149,55.08,32
height,2150,55.07,32
apparent,2151,55.07,32
western,2152,55.07,32
expansion,2153,55.06,32
constantly,2154,55.06,32
muscle,2155,55.06,32
scare,2156,55.06,32
badly,2157,55.05,32
everyday,2158,55.05,32
boundary,2159,55.05,32
ratio,2160,55.05,32
essay,2161,55.05,32
scream,2162,55.04,32
withdraw,2163,55.03,32
pollution,2164,55.03,32
disorder,2165,55.03,32
furniture,2166,55.02,32
symbol,2167,55.01,32
apartment,2168,55.01,32
demonstration,2169,55.01,32
analyst,2170,55,32
platform,2171,54.99,32
steel,2172,54.99,32
cake,2173,54.99,32
transform,2174,54.99,32
wound,2175,54.98,31
restriction,2176,54.98,31
foundation,2177,54.98,31
designer,2178,54.98,31
strain,2179,54.98,31
innovation,2180,54.97,31
album,2181,54.97,31
singer,2182,54.97,31
trail,2183,54.96,31
trap,2184,54.96,31
loose,2185,54.96,31
extension,2186,54.95,31
wealth,2187,54.95,31
gradually,2188,54.95,31
tank,2189,54.95,31
evil,2190,54.94,31
remarkable,2191,54.94,31
tune,2192,54.94,31
grass,2193,54.94,31
invitation,2194,54.94,31
transition,2195,54.94,31
frighten,2196,54.93,31
bid,2197,54.93,31
breed,2198,54.93,31
extraordinary,2199,54.93,31
brilliant,2200,54.93,31
adviser,2201,54.93,31
stem,2202,54.93,31
reverse,2203,54.92,31
mode,2204,54.92,31
mirror,2205,54.92,31
awful,2206,54.92,31
pose,2207,54.92,31
adjust,2208,54.92,31
creative,2209,54.91,31
nowadays,2210,54.91,31
poem,2211,54.91,31
agricultural,2212,54.91,31
competitor,2213,54.91,31
alcohol,2214,54.91,31
festival,2215,54.9,31
vegetable,2216,54.9,31
van,2217,54.9,31
confident,2218,54.9,31
planet,2219,54.88,31
curve,2220,54.88,31
knee,2221,54.88,31
overcome,2222,54.88,31
web,2223,54.87,31
depth,2224,54.87,31
entrance,2225,54.86,31
log,2226,54.86,31
giant,2227,54.86,31
god,2228,54.85,31
portion,2229,54.85,31
substance,2230,54.85,31
extensive,2231,54.85,31
interpret,2232,54.84,30
independence,2233,54.83,30
sugar,2234,54.83,30
inner,2235,54.83,30
harm,2236,54.82,30
consult,2237,54.82,30
pink,2238,54.81,30
shadow,2239,54.81,30
strip,2240,54.81,30
smooth,2241,54.81,30
intervention,2242,54.81,30
impress,2243,54.81,30
exam,2244,54.81,30
vice,2245,54.81,30
radical,2246,54.8,30
similarly,2247,54.8,30
behave,2248,54.8,30
loud,2249,54.8,30
dimension,2250,54.8,30
subsequent,2251,54.79,30
infection,2252,54.79,30
jacket,2253,54.78,30
efficiency,2254,54.78,30
dirty,2255,54.78,30
statistic,2256,54.78,30
regularly,2257,54.78,30
resort,2258,54.78,30
iron,2259,54.77,30
broadcast,2260,54.77,30
membership,2261,54.77,30
bread,2262,54.77,30
blind,2263,54.77,30
pure,2264,54.76,30
bloody,2265,54.76,30
ally,2266,54.76,30
quantity,2267,54.76,30
bend,2268,54.76,30
mature,2269,54.75,30
briefly,2270,54.75,30
alarm,2271,54.75,30
disturb,2272,54.74,30
sustain,2273,54.74,30
flood,2274,54.74,30
poverty,2275,54.73,30
crazy,2276,54.73,30
cite,2277,54.73,30
newly,2278,54.72,30
parallel,2279,54.72,30
gender,2280,54.72,30
sponsor,2281,54.72,30
boot,2282,54.71,30
accurate,2283,54.7,30
dealer,2284,54.69,29
button,2285,54.69,29
burden,2286,54.69,29
desert,2287,54.69,29
mate,2288,54.69,29
occasionally,2289,54.68,29
shareholder,2290,54.68,29
bowl,2291,54.67,29
discovery,2292,54.67,29
resistance,2293,54.67,29
bath,2294,54.66,29
frequency,2295,54.66,29
criticize,2296,54.66,29
tap,2297,54.65,29
philosophy,2298,54.65,29
lip,2299,54.64,29
attribute,2300,54.64,29
apologize,2301,54.64,29
approval,2302,54.63,29
grab,2303,54.63,29
entitle,2304,54.63,29
lend,2305,54.63,29
involvement,2306,54.63,29
exposure,2307,54.63,29
conventional,2308,54.62,29
digital,2309,54.62,29
translate,2310,54.61,29
edit,2311,54.6,29
formation,2312,54.6,29
deposit,2313,54.6,29
pleasant,2314,54.58,29
overseas,2315,54.58,29
advocate,2316,54.58,29
establishment,2317,54.57,29
summary,2318,54.56,29
rough,2319,54.56,29
pen,2320,54.55,29
recovery,2321,54.55,28
seal,2322,54.55,28
tube,2323,54.55,28
tower,2324,54.54,28
characterize,2325,54.54,28
specify,2326,54.53,28
exact,2327,54.52,28
spin,2328,54.52,28
operator,2329,54.51,28
infant,2330,54.51,28
dig,2331,54.5,28
drag,2332,54.5,28
mount,2333,54.5,28
wrap,2334,54.5,28
anticipate,2335,54.5,28
dependent,2336,54.5,28
specialize,2337,54.5,28
angle,2338,54.49,28
chicken,2339,54.49,28
anxiety,2340,54.49,28
virus,2341,54.48,28
precisely,2342,54.48,28
rival,2343,54.48,28
offense,2344,54.48,28
detect,2345,54.48,28
teenager,2346,54.47,28
admire,2347,54.47,28
moderate,2348,54.46,28
surgery,2349,54.46,28
musician,2350,54.46,28
significance,2351,54.46,28
shower,2352,54.45,28
illegal,2353,54.45,28
charity,2354,54.44,28
universal,2355,54.44,28
cigarette,2356,54.44,28
constitute,2357,54.44,28
adequate,2358,54.44,28
consultant,2359,54.44,28
historian,2360,54.44,28
cousin,2361,54.43,28
visual,2362,54.43,28
stupid,2363,54.43,28
keen,2364,54.42,28
ethnic,2365,54.41,28
twin,2366,54.41,28
clinical,2367,54.41,28
eastern,2368,54.4,28
forecast,2369,54.4,28
segment,2370,54.4,28
custom,2371,54.4,28
adapt,2372,54.4,28
sand,2373,54.39,28
cap,2374,54.39,27
prompt,2375,54.38,27
charm,2376,54.38,27
react,2377,54.38,27
lecture,2378,54.37,27
venture,2379,54.37,27
compound,2380,54.37,27
rescue,2381,54.37,27
mess,2382,54.36,27
preference,2383,54.36,27
comprehensive,2384,54.35,27
incentive,2385,54.35,27
league,2386,54.33,27
dialog,2387,54.33,27
cream,2388,54.33,27
rapid,2389,54.32,27
cancel,2390,54.32,27
regret,2391,54.32,27
dismiss,2392,54.32,27
margin,2393,54.32,27
beneath,2394,54.32,27
opponent,2395,54.31,27
resist,2396,54.3,27
capability,2397,54.3,27
absolute,2398,54.3,27
correspond,2399,54.3,27
stroke,2400,54.3,27
dare,2401,54.3,27
barrier,2402,54.3,27
rid,2403,54.29,27
divorce,2404,54.27,27
ruin,2405,54.26,27
bury,2406,54.26,27
counsel,2407,54.26,27
tendency,2408,54.26,27
frequent,2409,54.26,27
motor,2410,54.25,27
survival,2411,54.25,27
counter,2412,54.25,27
possess,2413,54.25,27
permission,2414,54.24,27
valley,2415,54.24,27
float,2416,54.24,27
mad,2417,54.24,27
greatly,2418,54.23,27
visible,2419,54.23,26
electric,2420,54.23,26
impressive,2421,54.22,26
evolution,2422,54.21,26
awareness,2423,54.21,26
violent,2424,54.21,26
slave,2425,54.21,26
wealthy,2426,54.21,26
architecture,2427,54.21,26
acceptable,2428,54.21,26
journal,2429,54.21,26
coal,2430,54.21,26
measurement,2431,54.21,26
random,2432,54.21,26
successfully,2433,54.19,26
depress,2434,54.19,26
illustration,2435,54.18,26
burst,2436,54.18,26
privilege,2437,54.18,26
buyer,2438,54.18,26
mutual,2439,54.18,26
rail,2440,54.17,26
motivate,2441,54.16,26
laboratory,2442,54.15,26
mortgage,2443,54.15,26
promotion,2444,54.14,26
passion,2445,54.14,26
champion,2446,54.13,26
fulfill,2447,54.13,26
dust,2448,54.13,26
dedicate,2449,54.12,26
roughly,2450,54.12,26
skirt,2451,54.12,26
province,2452,54.12,26
march,2453,54.11,26
evaluation,2454,54.11,26
compromise,2455,54.11,26
accomplish,2456,54.11,26
weakness,2457,54.11,26
announcement,2458,54.11,26
salt,2459,54.11,26
glance,2460,54.1,26
opera,2461,54.1,26
contest,2462,54.1,26
brush,2463,54.1,26
embarrass,2464,54.09,26
gallery,2465,54.09,26
genetic,2466,54.09,26
aggressive,2467,54.09,26
chest,2468,54.09,26
format,2469,54.08,26
literary,2470,54.08,26
govern,2471,54.08,26
embrace,2472,54.06,25
praise,2473,54.05,25
silent,2474,54.05,25
pump,2475,54.04,25
publisher,2476,54.04,25
celebration,2477,54.04,25
golf,2478,54.04,25
compensation,2479,54.04,25
classical,2480,54.04,25
weigh,2481,54.03,25
versus,2482,54.03,25
deficit,2483,54.02,25
modify,2484,54.02,25
flash,2485,54.02,25
friendship,2486,54.02,25
profession,2487,54.01,25
literally,2488,54.01,25
equation,2489,54.01,25
gesture,2490,54.01,25
entertain,2491,54,25
fantastic,2492,54,25
assign,2493,54,25
inflation,2494,54,25
historic,2495,54,25
injure,2496,53.98,25
remote,2497,53.98,25
therapy,2498,53.97,25
orange,2499,53.97,25
twist,2500,53.97,25
personnel,2501,53.97,25
imagination,2502,53.96,25
disagree,2503,53.96,25
throat,2504,53.95,25
insight,2505,53.94,25
tackle,2506,53.94,25
forever,2507,53.93,25
exceed,2508,53.93,25
expenditure,2509,53.93,25
joy,2510,53.92,25
pregnant,2511,53.91,25
reliable,2512,53.91,25
gear,2513,53.91,25
click,2514,53.91,25
poet,2515,53.91,25
fortune,2516,53.91,25
ceremony,2517,53.9,25
pile,2518,53.9,25
pig,2519,53.89,25
mixture,2520,53.89,25
automatically,2521,53.88,24
scholar,2522,53.87,24
psychological,2523,53.87,24
dramatically,2524,53.87,24
stake,2525,53.87,24
creature,2526,53.87,24
partnership,2527,53.87,24
participation,2528,53.86,24
clause,2529,53.86,24
penalty,2530,53.86,24
chamber,2531,53.86,24
fancy,2532,53.86,24
poetry,2533,53.86,24
chat,2534,53.85,24
clothing,2535,53.85,24
evolve,2536,53.85,24
sake,2537,53.85,24
shelf,2538,53.84,24
boost,2539,53.84,24
tail,2540,53.83,24
possession,2541,53.83,24
abortion,2542,53.83,24
curious,2543,53.83,24
wooden,2544,53.82,24
boom,2545,53.82,24
tale,2546,53.82,24
democratic,2547,53.81,24
maintenance,2548,53.8,24
consequently,2549,53.8,24
pot,2550,53.8,24
cow,2551,53.79,24
strengthen,2552,53.79,24
whilst,2553,53.79,24
constraint,2554,53.79,24
fold,2555,53.79,24
bin,2556,53.79,24
undergo,2557,53.79,24
potentially,2558,53.78,24
scope,2559,53.78,24
pretend,2560,53.78,24
diversity,2561,53.77,24
allege,2562,53.77,24
pride,2563,53.76,24
intense,2564,53.76,24
inquiry,2565,53.75,24
resign,2566,53.75,24
craft,2567,53.75,24
strict,2568,53.75,24
concrete,2569,53.74,24
shell,2570,53.74,24
damn,2571,53.72,24
distinct,2572,53.72,24
humor,2573,53.71,24
limitation,2574,53.71,24
indication,2575,53.71,23
stability,2576,53.7,23
wise,2577,53.7,23
neglect,2578,53.7,23
compose,2579,53.7,23
jail,2580,53.7,23
shelter,2581,53.69,23
mere,2582,53.69,23
carbon,2583,53.69,23
regulate,2584,53.69,23
cheese,2585,53.68,23
trigger,2586,53.68,23
pipe,2587,53.67,23
destruction,2588,53.67,23
guitar,2589,53.67,23
flag,2590,53.67,23
piano,2591,53.66,23
magic,2592,53.66,23
mystery,2593,53.66,23
ski,2594,53.66,23
whisper,2595,53.65,23
rear,2596,53.65,23
menu,2597,53.65,23
species,2598,53.64,23
moon,2599,53.64,23
presumably,2600,53.64,23
bless,2601,53.64,23
airline,2602,53.64,23
amendment,2603,53.63,23
grandmother,2604,53.63,23
jury,2605,53.62,23
cooperation,2606,53.62,23
civilian,2607,53.61,23
composition,2608,53.61,23
coin,2609,53.6,23
regardless,2610,53.6,23
scan,2611,53.59,23
bunch,2612,53.59,23
racial,2613,53.58,23
greet,2614,53.58,23
hopefully,2615,53.58,23
sanction,2616,53.58,23
trick,2617,53.58,23
paragraph,2618,53.58,23
maker,2619,53.57,23
chocolate,2620,53.56,23
stimulate,2621,53.56,23
belt,2622,53.56,23
potato,2623,53.55,23
narrative,2624,53.55,23
tissue,2625,53.55,23
barely,2626,53.54,23
invent,2627,53.54,23
tourism,2628,53.54,23
pro,2629,53.53,23
stair,2630,53.53,23
hesitate,2631,53.52,23
shine,2632,53.52,23
motivation,2633,53.52,23
romantic,2634,53.51,22
firmly,2635,53.51,22
interior,2636,53.51,22
stomach,2637,53.51,22
nowhere,2638,53.5,22
pray,2639,53.49,22
championship,2640,53.48,22
servant,2641,53.48,22
immigrant,2642,53.48,22
excess,2643,53.48,22
complexity,2644,53.47,22
liability,2645,53.47,22
surprisingly,2646,53.46,22
extract,2647,53.46,22
implementation,2648,53.45,22
bias,2649,53.44,22
differently,2650,53.44,22
catalog,2651,53.43,22
continuous,2652,53.43,22
golden,2653,53.42,22
stamp,2654,53.42,22
guideline,2655,53.41,22
envelope,2656,53.41,22
knife,2657,53.41,22
biological,2658,53.4,22
consume,2659,53.4,22
luxury,2660,53.39,22
weekly,2661,53.39,22
wherever,2662,53.39,22
bite,2663,53.38,22
printer,2664,53.38,22
firstly,2665,53.38,22
anxious,2666,53.38,22
adventure,2667,53.38,22
fence,2668,53.37,22
exhaust,2669,53.36,22
attraction,2670,53.36,22
ocean,2671,53.36,22
quietly,2672,53.36,22
castle,2673,53.36,22
veteran,2674,53.35,22
reflection,2675,53.35,22
nerve,2676,53.35,22
determination,2677,53.34,22
altogether,2678,53.34,22
fiction,2679,53.33,22
carpet,2680,53.31,21
cluster,2681,53.31,21
confusion,2682,53.29,21
hurry,2683,53.29,21
logic,2684,53.29,21
controversial,2685,53.28,21
raw,2686,53.28,21
grammar,2687,53.26,21
revise,2688,53.26,21
hint,2689,53.26,21
hook,2690,53.25,21
bell,2691,53.25,21
liquid,2692,53.24,21
panic,2693,53.24,21
uncle,2694,53.23,21
rice,2695,53.22,21
slope,2696,53.22,21
happiness,2697,53.21,21
genuine,2698,53.21,21
vessel,2699,53.2,21
verb,2700,53.2,21
reckon,2701,53.19,21
silly,2702,53.18,21
transportation,2703,53.18,21
harbor,2704,53.18,21
comedy,2705,53.17,21
chase,2706,53.17,21
storage,2707,53.16,21
universe,2708,53.16,21
horrible,2709,53.16,21
sheep,2710,53.16,21
lover,2711,53.16,21
rat,2712,53.15,21
portrait,2713,53.15,21
innocent,2714,53.15,21
substitute,2715,53.14,21
supplement,2716,53.14,21
adjustment,2717,53.13,21
reasonably,2718,53.13,21
filter,2719,53.13,21
flexible,2720,53.13,21
abstract,2721,53.12,21
tent,2722,53.11,20
precise,2723,53.11,20
distant,2724,53.1,20
stranger,2725,53.1,20
shade,2726,53.09,20
grain,2727,53.07,20
situate,2728,53.07,20
summarize,2729,53.07,20
leap,2730,53.07,20
snap,2731,53.06,20
probability,2732,53.06,20
leather,2733,53.05,20
uncertainty,2734,53.04,20
swear,2735,53.04,20
refugee,2736,53.03,20
shore,2737,53.02,20
monthly,2738,52.99,20
comprise,2739,52.98,20
stir,2740,52.98,20
excitement,2741,52.96,20
sigh,2742,52.95,20
pregnancy,2743,52.95,20
experimental,2744,52.95,20
institutional,2745,52.94,20
slice,2746,52.94,20
wander,2747,52.94,20
empire,2748,52.93,20
subsequently,2749,52.93,20
gentle,2750,52.91,20
attendance,2751,52.9,19
ownership,2752,52.89,19
qualification,2753,52.89,19
suspend,2754,52.88,19
functional,2755,52.87,19
voluntary,2756,52.86,19
pale,2757,52.86,19
stain,2758,52.86,19
athlete,2759,52.85,19
organic,2760,52.85,19
tongue,2761,52.85,19
server,2762,52.82,19
structural,2763,52.82,19
website,2764,52.82,19
fool,2765,52.81,19
alongside,2766,52.81,19
unite,2767,52.8,19
gently,2768,52.79,19
compute,2769,52.78,19
wipe,2770,52.76,19
weird,2771,52.75,19
gaze,2772,52.74,19
fade,2773,52.73,19
cough,2774,52.73,19
hypothesis,2775,52.71,19
royal,2776,52.69,19
theoretical,2777,52.67,19
curtain,2778,52.67,18
mayor,2779,52.55,18
darkness,2780,52.49,18
aunt,2781,52.45,18
tournament,2782,52.4,17
registration,2783,52.38,17
fragment,2784,52.38,17
listener,2785,52.32,17
immigration,2786,52.28,17
tender,2787,52.12,16
density,2788,52.05,16
ugly,2789,52,16
module,2790,51.85,15
faithfully,2791,51.79,15
autumn,2792,51.75,15
cheek,2793,51.73,15
attachment,2794,51.69,15
holder,2795,51.58,14
solar,2796,51.47,14
grin,2797,50.96,12
rose,2798,50.8,12
noun,2799,50.41,11
fortunate,2800,50.37,11
alright,2801,50.32,11
lazy,2802,50.05,10
hello,2803,49.89,10
hunger,2804,49.7,9
insure,2805,49.65,9
ashamed,2806,49.28,8
found,2807,48.26,7
blog,2808,48.19,7
thirst,2809,44.79,3
